B6M24259,OA1,MRD38025,運転室配電盤
C7M54465,OA1,MRD38025,部品表
B6M24501,OA1,MRD38025,表面板1
B6M24502,OA1,MRD38025,表面板2
B6M24503,OA1,MRD38025,箱体組立
C7M54864,OA1,MRD38025,箱体
C7M54105,OA1,MRD38025,上板
D8M68350,OA1,MRD38025,下板
D8M69230,OA1,MRD38025,取付板
D8M68352,OA1,MRD38025,取付板
D8M68353,OA1,MRD38025,取付板
E9M67335,OA1,MRD38025,座
E9M66381,OA1,MRD38025,アース座(旧)
C7M54734,OA1,MRD38025,端子台
C7M54735,OA1,MRD38025,端子台
C7M54736,OA1,MRD38025,端子台
C7M54737,OA1,MRD38025,端子台
E9M66127,OA1,MRD38025,キャプティブスクリュー
B6M24478,OA1,MRD38025,用途銘板
D8M68346,OA1,MRD38025,指示銘板
C7M54102,OA1,MRD38025,番号銘板
C7M54103,OA1,MRD38025,蝶番
D8M68347,OA1,MRD38025,蝶番
D8M68348,OA1,MRD38025,フサギ板
E9M67333,OA1,MRD38025,フサギ板
E9M66129,OA1,MRD38025,支エ金具
E9M67334,OA1,MRD38025,取付板
E9M66128,OA1,MRD38025,受金
D8M68914,OA1,MRD38025,電線支エ
D8M68349,OA1,MRD38025,社銘板
D8M69216,OA1,MRD38025,注意銘板
D8M69217,OA1,MRD38025,注意銘板
B6M24260,OA1,MRD38025,内部配線
C7M54466,OA1,MRD38025,部品表
C7M54732,OA1,MRD38025,ツナギ板
D8M69204,OA1,MRD38025,ツナギ板
D8M68355,OA1,MRD38025,ツナギ板
D8M69205,OA1,MRD38025,ツナギ板
D8M68357,OA1,MRD38025,ツナギ板
D8M68358,OA1,MRD38025,ツナギ板
D8M68359,OA1,MRD38025,ツナギ板
D8M68360,OA1,MRD38025,ツナギ板
B6M24493,OA1,MRD38025,電線番号票
E9M68244,OA1,MRD38025,端子台番号票
E9M68337,OA1,MRD38025,ダイオード組立
E9M68338,OA1,MRD38025,ダイオード組立
D8M69919,OA1,MRD38025,板バネ
C7M55632,OA1,MRD38025,ケーブル組立
E9M68486,OA1,MRD38025,電線番号票
C7M55615,OA1,MRD38025,塗装仕様
D8M71170,OA1,MRD38025,当板
E9M69117,OA1,MRD38025,端子台銘板
B6M24261,OA2,MRD38026,運転室配電盤
C7M54467,OA2,MRD38026,部品表
B6M24262,OA2,MRD38026,内部配線
C7M54468,OA2,MRD38026,部品表
B6M24494,OA2,MRD38026,電線番号票
B6M24779,OA1S,MRD38051,運転室配電盤
C7M55253,OA1S,MRD38051,部品表
B6M24780,OA1S,MRD38051,内部配線
C7M55254,OA1S,MRD38051,部品表
C7M55623,OA1S,MRD38051,端子台
B6M24996,OA1S,MRD38051,用途銘板
B6M25004,OA1S,MRD38051,電線番号票
B6M24781,OA2S,MRD38052,運転室配電盤
C7M55255,OA2S,MRD38052,部品表
B6M24782,OA2S,MRD38052,内部配線
C7M55256,OA2S,MRD38052,部品表
B6M25005,OA2S,MRD38052,電線番号票
B6M25460,OA1T,MRD38094,運転室配電盤
C7M56441,OA1T,MRD38094,部品表
B6M25461,OA1T,MRD38094,内部配線
C7M56442,OA1T,MRD38094,部品表
B6M25465,OA1T,MRD38094,電線番号票
B6M25462,OA2T,MRD38095,運転室配電盤
C7M56443,OA2T,MRD38095,部品表
B6M25463,OA2T,MRD38095,内部配線
C7M56444,OA2T,MRD38095,部品表
B6M25466,OA2T,MRD38095,電線番号票
B6M24269,AC,MRD38027,交流配電盤
C7M54472,AC,MRD38027,部品表
C7M54770,AC,MRD38027,表面板
B6M24500,AC,MRD38027,箱体
D8M69227,AC,MRD38027,上板
D8M69228,AC,MRD38027,下板
C7M54740,AC,MRD38027,用途銘板
C7M54742,AC,MRD38027,番号銘板
D8M69214,AC,MRD38027,蝶番
D8M69229,AC,MRD38027,電線支エ
C7M54473,AC,MRD38027,内部配線
D8M69224,AC,MRD38027,電線番号票
D8M69206,AC,MRD38027,ツナギ板
D8M69207,AC,MRD38027,ツナギ板
D8M69208,AC,MRD38027,ツナギ板
D8M69924,AC,MRD38027,ストッパー
D8M70927,AC,MRD38027,電線支エ
B6M24774,ACT,MRD38049,交流配電盤
C7M55245,ACT,MRD38049,部品表
C7M55246,ACT,MRD38049,内部配線
D8M69908,ACT,MRD38049,電線番号票
B6M24270,DC,MRD38028,直流配電盤
C7M54474,DC,MRD38028,部品表
D8M68990,DC,MRD38028,ポリカ透明カバー
C7M54738,DC,MRD38028,端子台
B6M24479,DC,MRD38028,用途銘板
C7M54743,DC,MRD38028,番号銘板
D8M69215,DC,MRD38028,蝶番
E9M67896,DC,MRD38028,間座
E9M67897,DC,MRD38028,当ゴム組立
E9M67907,DC,MRD38028,当ゴム
E9M67898,DC,MRD38028,電線支エ
B6M24271,DC,MRD38028,内部配線
B6M24497,DC,MRD38028,電線番号票
C7M54733,DC,MRD38028,ツナギ板
D8M69209,DC,MRD38028,ツナギ板
D8M69210,DC,MRD38028,ツナギ板
D8M69211,DC,MRD38028,ツナギ板
D8M69212,DC,MRD38028,ツナギ板
D8M69213,DC,MRD38028,ツナギ板
C7M54475,DC,MRD38028,ピン配列表
C7M54741,DC,MRD38028,用途銘板
B6M24504,DC,MRD38028,表面板
C7M54771,DC,MRD38028,スイッチ取付板
B6M24505,DC,MRD38028,箱体組立
C7M54870,DC,MRD38028,箱体
C7M54871,DC,MRD38028,上板1
D8M69231,DC,MRD38028,上板2
D8M69232,DC,MRD38028,下板
D8M69233,DC,MRD38028,取付板
D8M69234,DC,MRD38028,取付板
D8M69630,DC,MRD38028,押ボタン組立
C7M55144,DC,MRD38028,M12コネクタ組立
E9M66125,DC,MRD38028,取付板
D8M71741,DC,MRD38028,プラグ組立
D8M71742,DC,MRD38028,プラグ組立
D8M71743,DC,MRD38028,プラグ組立
D8M71744,DC,MRD38028,プラグ組立
D8M71745,DC,MRD38028,プラグ組立
C7M57022,DC,MRD38028,M12コネクタ組立
B6M24775,DCT,MRD38050,直流配電盤
C7M55247,DCT,MRD38050,部品表
B6M24796,DCT,MRD38050,表面板
B6M24797,DCT,MRD38050,箱体組立
B6M24798,DCT,MRD38050,箱体
D8M69825,DCT,MRD38050,上板
D8M69826,DCT,MRD38050,下板
D8M69827,DCT,MRD38050,取付板
D8M69828,DCT,MRD38050,ポリカ透明カバー
C7M55296,DCT,MRD38050,端子台
C7M55297,DCT,MRD38050,端子台
B6M24799,DCT,MRD38050,用途銘板
D8M69957,DCT,MRD38050,番号銘板
D8M69829,DCT,MRD38050,蝶番
D8M69830,DCT,MRD38050,当ゴム取付板
E9M68352,DCT,MRD38050,取付板
D8M69949,DCT,MRD38050,電線支エ
B6M24776,DCT,MRD38050,内部配線
B6M24800,DCT,MRD38050,電線番号票
D8M69831,DCT,MRD38050,ツナギ板
D8M69832,DCT,MRD38050,ツナギ板
D8M69833,DCT,MRD38050,ツナギ板
D8M69834,DCT,MRD38050,ツナギ板
D8M69835,DCT,MRD38050,ツナギ板
D8M69836,DCT,MRD38050,ツナギ板
B6M24992,RPS,MRC31725,運転室リレー盤
C7M55617,RPS,MRC31725,部品表
B6M24993,RPS,MRC31725,内部配線
B6M24994,RPS,MRC31725,ピン配列表
C7M55618,RPS,MRC31725,端子台
B6M25006,RPS,MRC31725,電線番号票
B6M25213,RPS,MRC31725,基盤
D8M70812,RPS,MRC31725,取付板
D8M70813,RPS,MRC31725,隔離板
D8M70814,RPS,MRC31725,取付座
B6M25234,RPS,MRC31725,用途銘板
E9M68784,RPS,MRC31725,アース座
E9M68929,RPS,MRC31725,コネクタラベル
E9M68942,RPS,MRC31725,コネクタラベル仕様
D8M71754,RPS,MRC31725,隔離板
B6M25231,RP1,MRC31747,運転室リレー盤
C7M55963,RP1,MRC31747,部品表
B6M25229,RP1,MRC31747,内部配線
B6M25230,RP1,MRC31747,ピン配列表
B6M25332,RP1,MRC31747,電線番号票
B6M25228,RP2,MRC31748,運転室リレー盤
C7M55964,RP2,MRC31748,部品表
B6M25232,RP2,MRC31748,内部配線
B6M25233,RP2,MRC31748,ピン配列表
B6M25333,RP2,MRC31748,電線番号票
B6M24263,RP1,MRC31709,運転室リレー盤
C7M54469,RP1,MRC31709,部品表
B6M24499,RP1,MRC31709,基盤
D8M68363,RP1,MRC31709,端子台
C7M54739,RP1,MRC31709,端子台
B6M24480,RP1,MRC31709,用途銘板
E9M67338,RP1,MRC31709,フサギ板
E9M67903,RP1,MRC31709,フサギ板
D8M68366,RP1,MRC31709,隔離板
D8M69226,RP1,MRC31709,取付座
B6M24264,RP1,MRC31709,内部配線
B6M24495,RP1,MRC31709,電線番号票
B6M24265,RP1,MRC31709,ピン配列表
D8M68891,RP1,MRC31709,平座金
E9M67339,RP1,MRC31709,ガイド
E9M68378,RP1,MRC31709,抵抗器組立
E9M68654,RP1,MRC31709,コネクタラベル
B6M24266,RP2,MRC31710,運転室リレー盤
C7M54470,RP2,MRC31710,部品表
B6M24267,RP2,MRC31710,内部配線
B6M24496,RP2,MRC31710,電線番号票
B6M24268,RP2,MRC31710,ピン配列表
C7M54471,WT,MRZ04381,ウォッシャタンク
B6M24498,WT,MRZ04381,タンク
D8M68385,WT,MRZ04381,ポンプベ−ス
D8M69225,WT,MRZ04381,電線番号票
E9M67901,WT,MRZ04381,端子台番号票
C7M55631,KIT,MRZ09452,Tプロトパーツキット
B6M25052,KIT,MRZ09461,Tプロト低圧配電盤パーツキット
C7M55794,KIT,MRZ09464,S量産パーツキット
C7M56209,KIT,MRZ09479,A量産パーツキット
D8M71987,KIT,MRZ09489,AS量産 DC コネクタパーツキット
D8M71988,KIT,MRZ09490,AS量産 AC コネクタパーツキット
